Accuracy,Precision,Recall,F1,Type,Config,Test_Accuracy,Test_F1
0.8340451480858313,0.817009245873499,0.8340451480858313,0.8045674355070824,SVM,"{'kernel': 'linear_svc', 'C': 1.0}",0.818,0.7856460529529046
0.8877087829828088,0.8838681977141176,0.8877087829828088,0.8842174027002674,SVM,"{'kernel': 'rbf', 'C': 1.0, 'gamma': 'scale'}",0.8955,0.8924904363139287
0.8764351804834668,0.8716322928345681,0.8764351804834668,0.8720256535699328,SVM,"{'kernel': 'rbf', 'C': 1.0, 'gamma': 'heuristic'}",0.8725,0.8679211914928426
0.8356249254714095,0.8333278293814379,0.8356249254714095,0.8317053007066925,SVM,"{'kernel': 'poly', 'degree': 2, 'C': 1.0}",0.837,0.8325269553937416
0.8906406729241709,0.8869369434414609,0.8906406729241709,0.8874179876931262,SVM,"{'kernel': 'rbf', 'C': 15.0674, 'gamma': 0.0048}",0.886,0.8833544747690609
0.8926701379072464,0.8905900039829548,0.8926701379072464,0.8909919176334483,MLP,"{'hidden_layers': [50], 'dropout': 0.0, 'lr': 0.001, 'epochs': 50}",0.8975,0.8959320410205744
0.901237990413374,0.8993950242844327,0.901237990413374,0.8994644332957452,MLP,"{'hidden_layers': [100, 50], 'dropout': 0.2, 'lr': 0.001, 'epochs': 50}",0.9015,0.8992432641437667
0.8996592804449483,0.8959159413716732,0.8996592804449483,0.895688562898985,MLP,"{'hidden_layers': [200, 100, 50], 'dropout': 0.5, 'lr': 0.001, 'epochs': 100}",0.8975,0.8934035871453526
